id;group_code;group_head_name;first_name;last_name;birth_date;marriage_date;user_type_id;username;password;email;image_url;status;activated;licence_expiry_date;mobile_no;aadhar_card_nuber;pancard_number;one_time_password;otp_expiry_time;last_modified;last_modified_by
1;optical Fundamental;content;Dennis;Kohler;Gourde Loan Avon;Networked Web withdrawal;43862;Tuna;Bedfordshire IB;Karianne_Waelchi@yahoo.com;web-enabled Taka Chips;I;true;wireless SCSI;Awesome Missouri Kuwait;Dynamic;Palestinian;Re-contextualized;olive Architect;Coordinator Gabon;Computers Forward
2;bluetooth Dynamic;mindshare interactive Rubber;Alfred;Jacobi;Rubber invoice copy;synthesize Loan Gloves;77595;Investor Yuan;Bedfordshire;Michael52@gmail.com;IB Flats Cotton;I;true;transmitter seamless;Pizza Rustic;Rwanda green;Ball;evolve Michigan algorithm;Licensed;Buckinghamshire Consultant;Solutions Representative Franc
3;Kids applications;Chicken Hills Customer-focused;Keagan;Schroeder;streamline Account;Tuna;69151;blockchains experiences;hacking;Elvera.Block@gmail.com;azure Adaptive card;D;false;application Saint;Proactive;Table;IB;Handmade;Account;customer cultivate Clothing;mobile fault-tolerant Arizona
4;user-centric Intranet azure;Books Computers;Terry;Collier;Mission;pink Operations bi-directional;44;Director New Fantastic;reboot;Reuben.Hane@gmail.com;Research Swedish Cambridgeshire;I;false;granular database;circuit deposit;Rico;Bridge Rustic;array Handcrafted;Quality Austria Data;networks Computers Drive;Somalia Borders Arab
5;Fresh;leverage;Aubrey;Gibson;Florida index Awesome;user grey;83950;Unbranded Liaison Bike;end-to-end;Bertrand.Padberg62@hotmail.com;compressing Planner Fantastic;I;false;maximize;online Dinar Brand;lime;Identity harness;Response Investor;Usability Sleek;Steel;backing CSS Rubber
6;portals plug-and-play cross-platform;Engineer;Lamont;Deckow;Clothing customized;Licensed overriding USB;48734;Health Senior;throughput methodology;Retha.Zboncak26@hotmail.com;Garden;A;false;Wooden Maryland index;Decentralized reboot Ergonomic;Berkshire;enterprise JBOD Gold;info-mediaries Digitized;website Illinois index;cross-media Practical Technician;Horizontal Intelligent Cambridgeshire
7;vortals;Cross-platform contingency;Karine;Padberg;Nepalese functionalities virtual;networks Officer;23291;engineer;panel;Alfredo.Rath15@hotmail.com;Colorado Savings;I;false;Concrete Lucia withdrawal;Realigned Wooden;bypassing;Multi-channelled SMTP;convergence Azerbaijan interfaces;projection navigating;Borders;Plastic
8;Reduced Surinam Buckinghamshire;Granite Keyboard;Amiya;Stiedemann;Movies;Court Dynamic white;52948;Avon;enable Orchestrator;Oma.Gutmann@gmail.com;Keyboard SCSI systems;A;false;Balboa;Global;Carolina;Plain;Pakistan lime;bypassing Granite;Handcrafted collaborative multi-byte;Salad
9;TCP back-end Verde;Pula;Lempi;Koss;interface Regional Cedi;applications Borders Metal;75706;capacitor feed;disintermediate;Marvin.Wiegand@yahoo.com;Metal system Hill;A;true;pixel;Sleek;Grocery Tunnel;primary Awesome red;Data Plastic Analyst;Manager hardware;Islands Bedfordshire;responsive Fresh
10;Berkshire ivory Loan;Human;Neal;Bernhard;Highway;tan User-friendly;37303;Electronics Music;Checking;Audra_Weimann@hotmail.com;group protocol;D;false;Metrics Metal;Producer Buckinghamshire;Intelligent;Streamlined Account reciprocal;Consultant;Democratic Borders algorithm;District optical;TCP help-desk
